id,apikey,nome,cnpj,conta
1,a1b2c3d4e5f6g7h8i9j0k1l2m3n4o5p6,Empresa Alpha,12345678000190,1234567890
2,p6o5n4m3l2k1j0i9h8g7f6e5d4c3b2a1,Empresa Beta,98765432000187,987654321
3,z9y8x7w6v5u4t3s2r1q0p9o8n7m6l5k4,Empresa Gama,56789012000134,2345678901
4,t3s2r1q0p9o8n7m6l5k4j3i2h1g0f9e8,Empresa Delta,87654321000156,3456789012
5,n8m7l6k5j4i3h2g1f0e9d8c7b6a5z4y3,Empresa Ã‰psilon,23456789000123,4567890123
6,w5v4u3t2s1r0q9p8o7n6m5l4k3j2i1h0,Empresa Zeta,34567890123456,5678901234
7,r2q1p0o9n8m7l6k5j4i3h2g1f0e9d8c7,Empresa Eta,45678901234567,6789012345
8,x1w2v3u4t5s6r7q8p9o0n1m2l3k4j5i6,Empresa Theta,56789012345678,7890123456
9,u8t7s6r5q4p3o2n1m0l9k8j7i6h5g4f3,Empresa Iota,67890123456789,8901234567
10,k3j4i5h6g7f8e9d0c1b2a3z4y5x6w7v8,Empresa Kappa,78901234567890,9012345678
